tourney_id,tourney_name,surface,draw_size,tourney_level,indoor,tourney_date,match_num,winner_id,winner_seed,winner_entry,winner_name,winner_hand,winner_ht,winner_ioc,winner_age,winner_rank,winner_rank_points,loser_id,loser_seed,loser_entry,loser_name,loser_hand,loser_ht,loser_ioc,loser_age,loser_rank,loser_rank_points,score,best_of,round,minutes,w_ace,w_df,w_svpt,w_1stIn,w_1stWon,w_2ndWon,w_SvGms,w_bpSaved,w_bpFaced,l_ace,l_df,l_svpt,l_1stIn,l_1stWon,l_2ndWon,l_SvGms,l_bpSaved,l_bpFaced
2026-2835,Piracicaba,Clay,32,C,O,20260622,1,T0DM,1,,Juan Bautista Torres,R,178,ARG,24.222,281,190,H0CD,,,Alex Hernandez,R,175,MEX,26.998,422,114,3-6 6-2 6-0,3,R32,128,4,2,89,52,30,19,12,7,11,3,5,81,49,28,9,11,8,15
2026-2835,Piracicaba,Clay,32,C,O,20260622,2,S0EK,4,,Matias Soto,R,170,CHI,27.154,300,179,MV75,,,Ignacio Monzon,R,173,ARG,28.46,695,48,6-3 6-1,3,R32,85,2,3,43,22,17,13,8,1,2,0,1,64,52,27,4,8,5,10
2026-2835,Piracicaba,Clay,32,C,O,20260622,3,P0DF,,,Matheus Pucinelli De Almeida,R,183,BRA,25.224,409,119,A0IK,5,,Luciano Emanuel Ambrogi,R,188,ARG,22.59,323,169,6-7(3) 6-3 6-1,3,R32,141,1,6,91,52,38,21,14,6,9,1,2,91,62,35,12,14,8,15
2026-2835,Piracicaba,Clay,32,C,O,20260622,4,CG07,,,Hernan Casanova,R,178,ARG,32.372,406,119,R09V,8,,Eduardo Ribeiro,R,178,BRA,28.266,376,133,7-5 6-2,3,R32,86,0,2,61,46,33,7,10,2,3,0,3,64,36,21,14,10,4,8
2026-2835,Piracicaba,Clay,32,C,O,20260622,5,V821,,,Gonzalo Villanueva,R,175,ARG,31.439,397,124,V0F6,,,Nicolas Villalon,R,180,CHI,22.333,664,53,1-6 6-3 6-1,3,R32,133,1,3,80,41,28,19,12,5,9,0,0,79,51,31,11,11,11,16
2026-2835,Piracicaba,Clay,32,C,O,20260622,6,H0A4,6,,Nick Hardt,R,185,DOM,25.752,270,202,O0CL,,,Nicolas Oliveira,,,,,834,31,2-6 6-4 6-4,3,R32,140,2,6,96,51,27,24,14,10,15,2,1,90,62,38,15,14,9,14
2026-2835,Piracicaba,Clay,32,C,O,20260622,7,A0G7,,,Valerio Aboian,L,183,ARG,24.022,464,99,B0NF,,,Valentin Basel,L,185,ARG,22.053,1114,13,6-4 6-2,3,R32,94,3,2,48,25,19,11,9,1,3,0,1,66,43,22,11,9,6,11
2026-2835,Piracicaba,Clay,32,C,O,20260622,8,A0JW,,,Joaquin Aguilar Cardozo,R,168,URY,21.205,582,66,E0DI,,,Juan Estevez,R,170,ARG,20.747,343,153,6-2 6-3,3,R32,77,0,6,61,37,26,12,9,4,6,0,3,51,33,18,5,8,6,11
2026-2835,Piracicaba,Clay,32,C,O,20260622,9,S0IV,,,Paulo Andre Saraiva Dos Santos,R,180,BRA,25.996,503,88,D0IP,,,Gustavo Ribeiro De Almeida,R,180,BRA,20.175,743,41,7-5 6-3,3,R32,94,3,3,48,24,21,14,10,0,2,1,0,74,47,27,10,11,8,13
2026-2835,Piracicaba,Clay,32,C,O,20260622,10,L0GR,2,,Juan Manuel La Serna,L,188,ARG,22.376,298,180,K0MX,,,Enzo Kohlmann De Freitas,R,178,BRA,19.765,940,22,6-4 6-7(1) 6-4,3,R32,180,1,5,109,65,36,21,16,11,18,2,5,107,67,34,19,16,5,14
2026-2835,Piracicaba,Clay,32,C,O,20260622,11,SX91,3,,Thiago Seyboth Wild,R,185,BRA,26.283,292,183,M0OT,,,Luis Felipe Miguel,R,,BRA,22.283,902,25,2-6 6-3 6-2,3,R32,116,2,3,82,47,34,20,13,2,4,2,3,72,43,28,16,12,3,6
2026-2835,Piracicaba,Clay,32,C,O,20260622,12,A0L6,,,Lucas Andrade Da Silva,,,BRA,21.405,885,26,HG90,,,Conner Huertas del Pino,R,188,PER,30.505,639,55,6-4 6-3,3,R32,103,1,5,63,41,33,10,9,3,3,3,6,73,44,30,11,10,9,12
2026-2835,Piracicaba,Clay,32,C,O,20260622,13,LA54,,,Wilson Leite,R,178,BRA,34.626,801,35,B19W,,,Filipe Bullamah,,,,,,,6-0 6-3,3,R32,78,4,0,47,34,25,7,8,2,3,1,4,47,27,14,5,7,4,9
2026-2835,Piracicaba,Clay,32,C,O,20260622,14,RH59,,,Santiago Rodriguez Taverna,R,191,ARG,26.935,392,127,C0GK,,,Thiago Cigarran,R,183,ARG,26.24,722,45,7-6(9) 3-6 6-2,3,R32,185,2,12,108,60,42,22,14,11,15,1,13,117,78,52,15,15,12,17
2026-2835,Piracicaba,Clay,32,C,O,20260622,15,Z0BY,,,Nicolas Zanellato,R,168,BRA,24.413,802,35,Z0CO,,,Maximo Zeitune,R,196,ARG,20.386,625,58,7-6(4) 3-6 6-4,3,R32,406,2,3,97,75,47,13,16,2,6,6,4,94,64,41,19,15,2,5
2026-3021,Targu Mures,Clay,32,C,O,20260622,1,C0B2,,,Cezar Cretu,R,188,ROU,25.161,287,186,SQ80,,,Akira Santillan,R,180,AUS,29.084,310,176,6-4 6-3,3,R32,85,3,2,42,33,30,6,9,0,0,2,6,70,38,28,13,10,5,8
2026-3021,Targu Mures,Clay,32,C,O,20260622,2,AA27,4,,Franco Agamenone,R,191,ITA,33.185,265,205,CH80,,,Luca Castelnuovo,L,188,SUI,29.394,360,143,6-3 3-6 7-5,3,R32,135,3,3,97,69,52,9,15,4,7,4,2,88,55,37,17,15,3,7
2026-3021,Targu Mures,Clay,32,C,O,20260622,3,K0FY,6,,Martin Krumich,R,188,CZE,23.488,280,191,T0I3,,,Miguel Tobon,R,188,COL,20.008,449,105,6-4 4-6 6-4,3,R32,137,9,4,89,45,34,24,15,2,5,2,3,91,53,37,19,15,8,12
2026-3021,Targu Mures,Clay,32,C,O,20260622,4,G0GW,,,Sascha Gueymard Wayenburg,R,191,FRA,22.891,278,192,G0ME,,,Gabriel Ghetu,R,,ROU,18.623,718,45,7-5 6-1,3,R32,107,2,2,63,38,28,15,10,2,3,0,4,62,26,14,18,9,5,9
2026-3021,Targu Mures,Clay,32,C,O,20260622,5,M0K4,1,,Elmer Moller,R,183,DEN,22.954,149,400,P0B2,,,Luca Potenza,R,175,ITA,25.9,425,113,6-4 7-5,3,R32,124,4,7,91,54,33,16,11,13,17,1,5,77,46,24,12,11,6,12
2026-3021,Targu Mures,Clay,32,C,O,20260622,6,P0CT,2,,Francesco Passaro,R,180,ITA,25.454,190,304,RB60,,,Oriol Roca Batalla,R,175,ESP,33.144,316,171,7-6(2) 6-4,3,R32,108,2,3,69,38,27,21,11,4,5,3,2,63,40,31,9,11,2,4
2026-3021,Targu Mures,Clay,32,C,O,20260622,7,G0DH,5,,Alvaro Guillen Meza,R,175,ECU,23.469,267,204,P0FJ,,,Radu Mihai Papoe,R,183,ROU,23.817,358,144,7-6(4) 7-5,3,R32,137,1,5,85,57,33,14,12,4,8,1,1,86,61,32,14,12,10,15
2026-3021,Targu Mures,Clay,32,C,O,20260622,8,A0EA,8,,Max Alcala Gurri,R,178,ESP,23.778,234,240,F0A3,,,Sergey Fomin,R,180,UZB,25.385,296,181,7-6(6) 6-1,3,R32,96,2,4,54,31,24,12,9,2,4,6,9,74,42,25,14,10,3,8
2026-3021,Targu Mures,Clay,32,C,O,20260622,9,M0XQ,,,Niels McDonald,R,191,GER,18.404,620,58,R0JW,,,Michele Ribecai,R,173,ITA,23.379,259,211,7-5 6-7(5) 6-1,3,R32,158,6,3,102,62,50,21,16,3,4,0,7,107,50,33,29,15,9,13
2026-3021,Targu Mures,Clay,32,C,O,20260622,10,T0FI,,,Marko Topo,R,185,GER,22.773,364,140,S0O6,,,Ilia Simakin,R,193,RUS,22.653,302,177,6-4 4-6 6-2,3,R32,106,5,7,84,48,35,23,14,2,3,5,4,78,43,28,22,14,2,5
2026-3021,Targu Mures,Clay,32,C,O,20260622,11,N0DB,3,,Andrej Nedic,R,185,BIH,21.681,277,192,RH88,,,Alan Fernando Rubio Fierros,R,175,MEX,27.381,589,64,6-1 6-2,3,R32,72,0,0,36,23,18,11,7,0,0,0,2,41,17,6,10,8,1,6
2026-3021,Targu Mures,Clay,32,C,O,20260622,12,HG94,,,Benjamin Hassan,R,183,LBN,31.379,438,109,D0CN,7,,Miguel Damas,R,208,ESP,26.502,271,202,6-2 3-6 7-6(3),3,R32,171,4,3,89,47,38,23,14,4,7,2,7,109,64,41,22,15,9,13
2026-3021,Targu Mures,Clay,32,C,O,20260622,13,A0CJ,,,Duje Ajdukovic,R,188,CRO,25.374,283,189,A829,,,Radu Albot,R,175,MDA,36.611,441,108,3-6 7-6(3) 7-6(11),3,R32,197,6,3,133,73,53,26,16,8,12,2,1,141,96,56,27,17,11,14
2026-3021,Targu Mures,Clay,32,C,O,20260622,14,B0WL,,,Felix Balshaw,R,191,FRA,20.019,320,170,H0L4,,,Stefan Horia Haita,R,193,ROU,19.044,853,29,6-2 6-0,3,R32,57,4,1,36,26,17,7,7,0,1,0,2,46,31,12,5,7,1,7
2026-3021,Targu Mures,Clay,32,C,O,20260622,15,G0EQ,,,Sebastian Gima,L,0,ROU,24.099,537,77,Y171,,,Denis Yevseyev,R,188,KAZ,33.084,457,102,7-6(4) 6-3,3,R32,96,1,3,73,48,30,11,10,2,5,0,1,73,61,33,4,11,4,9
2026-3021,Targu Mures,Clay,32,C,O,20260622,16,N897,,,Sumit Nagal,R,178,IND,28.849,285,187,P0GQ,,,Mili Poljicak,R,185,CRO,21.941,345,152,6-4 3-6 7-5,3,R32,145,2,1,97,76,42,19,15,4,7,5,3,77,42,33,20,16,1,5
2026-3021,Targu Mures,Clay,32,C,O,20260622,17,M0XQ,,,Niels McDonald,R,191,GER,18.404,620,58,P0CT,2,,Francesco Passaro,R,180,ITA,25.454,190,304,6-7(5) 6-3 6-4,3,R16,180,3,6,108,60,46,23,16,4,6,2,7,115,71,50,19,15,8,12
2026-3021,Targu Mures,Clay,32,C,O,20260622,18,A0CJ,,,Duje Ajdukovic,R,188,CRO,25.374,283,189,AA27,4,,Franco Agamenone,R,191,ITA,33.185,265,205,7-5 7-5,3,R16,109,2,4,84,49,35,18,12,10,12,3,3,67,50,33,7,12,4,8
2026-3021,Targu Mures,Clay,32,C,O,20260622,19,C0B2,,,Cezar Cretu,R,188,ROU,25.161,287,186,G0DH,5,,Alvaro Guillen Meza,R,175,ECU,23.469,267,204,6-2 6-3,3,R16,76,2,1,49,35,25,10,9,0,1,1,5,48,31,17,7,8,4,8
2026-3021,Targu Mures,Clay,32,C,O,20260622,20,K0FY,6,,Martin Krumich,R,188,CZE,23.488,280,191,T0FI,,,Marko Topo,R,185,GER,22.773,364,140,6-4 6-2,3,R16,91,3,6,56,27,19,17,9,2,4,0,0,59,46,23,5,9,3,8
2026-3021,Targu Mures,Clay,32,C,O,20260622,21,A0EA,8,,Max Alcala Gurri,R,178,ESP,23.778,234,240,G0GW,,,Sascha Gueymard Wayenburg,R,191,FRA,22.891,278,192,6-2 7-5,3,R16,114,1,4,72,51,36,11,10,8,9,2,4,73,44,23,17,10,9,13
2026-3021,Targu Mures,Clay,32,C,O,20260622,22,N897,,,Sumit Nagal,R,178,IND,28.849,285,187,HG94,,,Benjamin Hassan,R,183,LBN,31.379,438,109,1-6 6-4 6-4,3,R16,133,2,4,69,26,15,31,13,3,6,9,5,85,51,37,17,14,5,8
2026-3021,Targu Mures,Clay,32,C,O,20260622,23,B0WL,,,Felix Balshaw,R,191,FRA,20.019,320,170,M0K4,1,,Elmer Moller,R,183,DEN,22.954,149,400,6-1 3-0 RET,3,R16,56,3,1,32,14,11,10,5,0,0,0,4,32,17,9,3,5,2,6
2026-3021,Targu Mures,Clay,32,C,O,20260622,24,N0DB,3,,Andrej Nedic,R,185,BIH,21.681,277,192,G0EQ,,,Sebastian Gima,L,0,ROU,24.099,537,77,6-7(4) 6-3 7-5,3,R16,145,3,2,106,71,47,18,17,2,6,2,3,96,62,36,17,16,6,12
2026-3021,Targu Mures,Clay,32,C,O,20260622,25,N0DB,3,,Andrej Nedic,R,185,BIH,21.681,277,192,A0EA,8,,Max Alcala Gurri,R,178,ESP,23.778,234,240,6-2 6-4,3,QF,89,0,1,52,42,27,6,9,2,4,0,5,61,40,20,9,9,3,8
2026-3021,Targu Mures,Clay,32,C,O,20260622,26,B0WL,,,Felix Balshaw,R,191,FRA,20.019,320,170,K0FY,6,,Martin Krumich,R,188,CZE,23.488,280,191,6-3 3-6 6-3,3,QF,150,3,2,81,47,31,21,14,1,4,4,7,108,57,35,25,13,8,12
2026-3021,Targu Mures,Clay,32,C,O,20260622,27,C0B2,,,Cezar Cretu,R,188,ROU,25.161,287,186,M0XQ,,,Niels McDonald,R,191,GER,18.404,620,58,6-3 6-4,3,QF,91,3,1,50,27,18,11,9,3,6,1,3,63,37,20,9,10,4,10
2026-3021,Targu Mures,Clay,32,C,O,20260622,28,N897,,,Sumit Nagal,R,178,IND,28.849,285,187,A0CJ,,,Duje Ajdukovic,R,188,CRO,25.374,283,189,3-6 7-5 6-4,3,QF,169,0,6,90,57,42,14,16,4,8,12,9,118,67,50,19,15,11,15
2026-3149,Plovdiv,Clay,32,C,O,20260622,1,C0BB,,,Tommaso Compagnucci,R,173,ITA,26.628,374,134,M0SE,2,,Maxim Mrva,R,178,CZE,18.888,290,185,7-6(5) 6-7(3) 6-2,3,R32,173,2,6,110,62,36,22,16,4,11,4,10,112,59,33,22,16,6,15
2026-3149,Plovdiv,Clay,32,C,O,20260622,2,M0E1,4,,Daniel Michalski,R,180,POL,26.445,321,170,BO10,,,Gijs Brouwer,L,191,NED,30.272,1126,12,6-2 6-0,3,R32,51,1,1,32,18,13,10,7,0,2,0,10,36,17,6,1,7,1,8
2026-3149,Plovdiv,Clay,32,C,O,20260622,3,MW76,6,,Matteo Martineau,R,183,FRA,27.431,339,157,R0IL,,,Iliyan Radulov,R,187,BUL,21.029,647,54,6-3 6-2,3,R32,85,3,3,54,38,28,6,9,1,2,0,5,51,26,13,11,8,4,8
2026-3149,Plovdiv,Clay,32,C,O,20260622,4,M0UR,8,,Ognjen Milic,L,180,SRB,19.001,370,137,M0KA,,,Yanaki Milev,R,180,BUL,22.185,750,41,6-2 3-6 6-4,3,R32,132,4,7,81,34,24,21,13,5,9,0,8,79,40,25,17,14,4,10
2026-3149,Plovdiv,Clay,32,C,O,20260622,5,S0Y0,,,Andres Santamarta Roig,R,180,ESP,19.411,871,28,H0BF,1,,Philip Henning,R,180,RSA,25.613,252,219,6-4 6-1,3,R32,105,0,3,68,37,26,13,8,6,8,0,3,60,31,12,14,9,3,9
2026-3149,Plovdiv,Clay,32,C,O,20260622,6,B0JP,3,,Dali Blanch,R,185,USA,23.299,289,185,D0HS,,,Dinko Dinev,R,188,BUL,22.355,845,31,6-4 6-2,3,R32,81,6,7,57,30,23,13,9,2,4,0,4,67,47,26,6,9,7,12
2026-3149,Plovdiv,Clay,32,C,O,20260622,7,M0NL,5,,Inaki Montes-De La Torre,R,178,ESP,23.718,312,174,L0AT,,,Imanol Lopez Morillo,R,183,ESP,26.593,562,71,6-4 6-1,3,R32,83,1,3,46,21,12,17,9,0,2,0,2,41,25,14,5,8,0,5
2026-3149,Plovdiv,Clay,32,C,O,20260622,8,K0CJ,7,,Sandro Kopp,R,185,AUT,26.073,326,166,DC76,,,Viktor Durasovic,R,185,NOR,29.259,493,90,6-2 5-7 6-3,3,R32,130,2,3,81,49,38,20,15,0,2,5,3,81,35,24,23,14,3,7
2026-3149,Plovdiv,Clay,32,C,O,20260622,9,A0HZ,,,Lorenzo Angelini,R,170,ITA,20.301,734,43,P0I6,,,Gabriele Piraino,L,188,ITA,22.609,373,134,2-6 6-4 6-1,3,R32,149,1,1,77,54,31,12,12,4,9,1,8,88,49,31,12,13,5,12
2026-3149,Plovdiv,Clay,32,C,O,20260622,10,B0P4,,,Tomasz Berkieta,R,191,POL,19.921,567,69,BU54,,,Geoffrey Blancaneaux,R,180,FRA,27.871,388,129,6-2 6-1,3,R32,95,2,2,51,31,24,12,7,3,3,0,4,64,42,23,6,8,10,15
2026-3149,Plovdiv,Clay,32,C,O,20260622,11,DG80,,,Enrico Dalla Valle,R,196,ITA,28.255,363,141,B0V0,,,Nikita Belozertsev,L,0,UZB,17.563,765,39,6-0 6-2,3,R32,68,2,1,42,32,23,7,7,2,2,3,6,39,21,11,5,7,2,7
2026-3149,Plovdiv,Clay,32,C,O,20260622,12,E0AC,,,Mathys Erhard,R,188,FRA,24.654,384,130,FA50,,,Thomas Fancutt,R,188,AUS,31.321,868,28,3-6 6-3 6-0,3,R32,113,1,2,63,41,31,12,12,1,3,0,1,84,48,24,21,12,7,12
2026-3149,Plovdiv,Clay,32,C,O,20260622,13,N0CJ,,,Petr Nesterov,R,,BUL,23.294,396,124,SG56,,,Daniel Dutra da Silva,L,180,BRA,37.963,413,118,6-2 6-2,3,R32,82,2,1,52,38,28,5,8,2,3,2,3,54,30,17,9,8,4,9
2026-3149,Plovdiv,Clay,32,C,O,20260622,14,SO20,,,Jelle Sels,R,188,NED,30.867,501,89,KC33,,,Dimitar Kuzmanov,R,183,BUL,32.901,443,108,6-3 6-4,3,R32,95,3,3,57,37,23,10,9,5,8,1,6,62,31,17,11,10,8,14
2026-3149,Plovdiv,Clay,32,C,O,20260622,15,V993,,,Eero Vasa,R,185,FIN,29.385,463,100,D0JI,,,Manas Dhamne,R,183,IND,18.48,382,130,4-6 7-5 6-4,3,R32,169,2,9,113,58,35,20,16,4,12,1,11,117,74,43,15,16,11,20
2026-3149,Plovdiv,Clay,32,C,O,20260622,16,V0GR,,,Alexander Vasilev,L,185,BUL,19.107,610,60,V0D0,,,Niels Visker,R,191,NED,24.712,455,103,7-5 6-1,3,R32,74,3,1,45,27,23,13,9,0,0,3,7,58,36,24,8,10,3,7
2026-3149,Plovdiv,Clay,32,C,O,20260622,17,B0JP,3,,Dali Blanch,R,185,USA,23.299,289,185,A0HZ,,,Lorenzo Angelini,R,170,ITA,20.301,734,43,6-2 6-3,3,R16,76,2,1,62,40,27,12,8,5,7,0,3,49,31,18,4,9,3,9
2026-3149,Plovdiv,Clay,32,C,O,20260622,18,M0E1,4,,Daniel Michalski,R,180,POL,26.445,321,170,SO20,,,Jelle Sels,R,188,NED,30.867,501,89,6-0 1-0 RET,3,R16,48,1,1,17,6,4,8,3,0,0,0,2,24,9,3,3,4,1,5
2026-3149,Plovdiv,Clay,32,C,O,20260622,19,N0CJ,,,Petr Nesterov,R,,BUL,23.294,396,124,MW76,6,,Matteo Martineau,R,183,FRA,27.431,339,157,6-3 6-3,3,R16,83,0,0,58,36,21,14,9,2,4,1,7,47,31,17,4,9,2,7
2026-3149,Plovdiv,Clay,32,C,O,20260622,20,K0CJ,7,,Sandro Kopp,R,185,AUT,26.073,326,166,V0GR,,,Alexander Vasilev,L,185,BUL,19.107,610,60,6-1 7-5,3,R16,115,2,3,56,35,26,10,9,3,4,3,10,83,46,24,17,10,9,14
2026-3149,Plovdiv,Clay,32,C,O,20260622,21,M0UR,8,,Ognjen Milic,L,180,SRB,19.001,370,137,V993,,,Eero Vasa,R,185,FIN,29.385,463,100,2-6 6-1 6-4,3,R16,132,1,7,87,36,25,25,13,3,7,1,7,94,58,39,12,12,10,15
2026-3149,Plovdiv,Clay,32,C,O,20260622,22,C0BB,,,Tommaso Compagnucci,R,173,ITA,26.628,374,134,B0P4,,,Tomasz Berkieta,R,191,POL,19.921,567,69,6-3 6-3,3,R16,79,1,2,61,36,27,14,9,7,7,1,6,48,23,16,12,9,0,3
2026-3149,Plovdiv,Clay,32,C,O,20260622,23,S0Y0,,,Andres Santamarta Roig,R,180,ESP,19.411,871,28,DG80,,,Enrico Dalla Valle,R,196,ITA,28.255,363,141,6-2 6-4,3,R16,80,0,0,50,36,27,8,9,3,4,1,1,43,24,16,9,9,2,6
2026-3149,Plovdiv,Clay,32,C,O,20260622,24,M0NL,5,,Inaki Montes-De La Torre,R,178,ESP,23.718,312,174,E0AC,,,Mathys Erhard,R,188,FRA,24.654,384,130,3-6 6-4 6-2,3,R16,155,2,7,81,52,37,12,13,3,6,0,5,83,46,31,14,14,2,7
2026-3149,Plovdiv,Clay,32,C,O,20260622,25,K0CJ,7,,Sandro Kopp,R,185,AUT,26.073,326,166,B0JP,3,,Dali Blanch,R,185,USA,23.299,289,185,6-3 6-3,3,QF,90,0,0,47,26,18,17,9,1,2,3,7,77,43,28,12,9,8,12
2026-3149,Plovdiv,Clay,32,C,O,20260622,26,M0NL,5,,Inaki Montes-De La Torre,R,178,ESP,23.718,312,174,M0E1,4,,Daniel Michalski,R,180,POL,26.445,321,170,7-5 6-2,3,QF,94,1,3,47,28,23,10,10,0,2,1,0,59,33,18,12,10,3,8
2026-3149,Plovdiv,Clay,32,C,O,20260622,27,S0Y0,,,Andres Santamarta Roig,R,180,ESP,19.411,871,28,M0UR,8,,Ognjen Milic,L,180,SRB,19.001,370,137,6-0 6-2,3,QF,81,0,2,39,16,13,12,7,0,2,1,7,59,22,10,12,7,9,16
2026-3149,Plovdiv,Clay,32,C,O,20260622,28,N0CJ,,,Petr Nesterov,R,,BUL,23.294,396,124,C0BB,,,Tommaso Compagnucci,R,173,ITA,26.628,374,134,6-3 7-6(4),3,QF,120,1,2,75,46,34,17,11,1,2,1,2,75,38,26,19,10,4,6
